"User", "PIN"
"Moritz Wagner", "VBWCrn8iVGpXcHyRQ7Wxlg=="
"Moritz Mozart", "3+xNxgzap7B+CXUa1N/xWw=="
"Jan Wagner", "o3jN7HUGjHHJMsRImPrsGg=="
"Niklas Huber", "RXWWGDbVwdaaRO2wh4klhQ=="
"Philipp Loniki", "lY/DgDs3DckbFnsEVt78DA=="
"Erik Mozart", "sH7sNPEqSiXy5nqq46o8FA=="
"Jan Meier", "717H5v+GVyp2Y/LpYwSR5Q=="
"Philipp Mozart", "/NKtxh71jrRsX2+HR7umQQ=="
"Erik Müller", "Uhdx4kdTivwHZ9jxeJamEw=="
"Erik Huber", "MgyoRsc5cy3rMZVmsCKtkA=="
"Niklas Wagner", "tfrq14pteHjkcStGz9oKAg=="
"Moritz Maier", "dusvusqFxqqDMCvk38uuEw=="
"Tessa Loniki", "w1LaopUGh4Vxj5P3bHPbag=="
"Tessa Müller", "GbFz+gj/2H/xrFY/g8Oe4Q=="
"Jan Loniki", "Es00jQTY5M5r4envwbiyvQ=="
"Charlotte Loniki", "tjCO5d+PO3lMXmnJuOu4ng=="
"Erik Maier", "CgmCbESg+/5EE14eXHeo1w=="
"Charlotte Mozart", "BoNiSZYxTsxMfIxrRDXGtw=="
"Niklas Loniki", "OKNhHSTBZhsBSpk6x2Z8bw=="
"Jan Müller", "PR2RYUxxuBW1b6gNWL+a+Q=="
"Tessa Mozart", "hb9k6enfJVTQgaFgkJe46Q=="
"Jan Maier", "CC2KpMRIko53WKN7BzOaVw=="
"Niklas Mozart", "SLmo2Rl9Z+hIfLWvMQLGhw=="
"Tessa Maier", "0pJ1XDMvZ7o3ws5/0aK2qQ=="
"Philipp Wagner", "MVrLmtstPnMm76nBqoAIYQ=="
"Moritz Loniki", "fx9SpuD8VYRFoT/ljf2NPA=="
"Moritz Huber", "jvCN3d/HBSTUnb6g3dqGgg=="
"Charlotte Maier", "XoKF6WwKVzdyAVmiZaFacQ=="
"Erik Loniki", "9spxprD1wPa9PolSAVEy+A=="
"Tessa Meier", "Hh7E6XBVxi5jWQ42SJcv1g=="
"Erik Meier", "Z3cA1zJyCXVnE4XRHGSN2w=="
"Niklas Maier", "4LA67NRw4nGdIWiKbwb7NQ=="
"Moritz Meier", "9TvUiidaMz7IW3OAgmCi+Q=="
"Erik Wagner", "Ya+ZcUO0pEjpxjmfsNl55Q=="
"Philipp Maier", "ZpOyxgxiAA6KODTxziPUVQ=="
"Charlotte Meier", "1fx/kwb/OB867x7DdmPivA=="
"Tessa Wagner", "4S1BdL6xOsESBjHM/g5KWg=="
"Philipp Meier", "YYsGGXjpDf6/OKciKOXn8Q=="
"Niklas Müller", "4m75sTSC84RQIkaTfTYQdg=="
"Niklas Meier", "FFM/dR5sZjTEP++6Jq4hbw=="
"Charlotte Wagner", "yeQjjF0ufTNxcIr9LyV1OQ=="
"Tessa Huber", "h469Y/1GFuYVgB0ae4wFEQ=="
"Moritz Müller", "xsG+7sq34iHPHTehOHlctg=="
"Jan Mozart", "QZtNadshCmjQlWur0SXVKA=="
"Charlotte Huber", "AtbYC00+HR4FZSFRKg+elA=="
"Jan Huber", "cvQHbbucxcoNCoJW5vNq3g=="
"Philipp Müller", "qPg9ngW2U8gdMNrSxol6Qw=="
"Charlotte Müller", "xpJ+PlDprfjzAKXgDTwNkg=="
"Philipp Huber", "03rlRcUVCjcLA2J07Bd9EQ=="
